{
    "train_test": 0.5808227263790362,
    "train_val": 0.5239771081206668,
    "test_val": 0.5108427420864925
}