{
    "train_test": 0.5538838523113842,
    "train_val": 0.5844842746583879,
    "test_val": 0.609255708587732
}