{
    "train_test": 0.5849268129118761,
    "train_val": 0.46968181592458585,
    "test_val": 0.4979302462402508
}