{
    "train_test": 0.5870208797495189,
    "train_val": 0.532616780334975,
    "test_val": 0.5686780861851003
}